{
  "نظام": "نُظم - نظام إدارة الموظفين والمركبات",
  "الإصدار": "1.0.0",
  "تاريخ_التحضير": "2025-06-07",
  "ملفات_النشر": {
    "docker-compose.yml": "تكوين الحاويات الرئيسي",
    "nginx.conf": "إعدادات خادم الويب",
    "Dockerfile": "تكوين حاوية التطبيق",
    "deployment/deploy.sh": "نص النشر التلقائي",
    "deployment/backup.sh": "نص النسخ الاحتياطي",
    "deployment/production.env": "متغيرات البيئة للإنتاج",
    "deployment/README_DEPLOYMENT.md": "دليل النشر المفصل"
  },
  "متطلبات_الخادم": {
    "نظام_التشغيل": "Ubuntu 20.04+",
    "الذاكرة": "4GB RAM minimum",
    "التخزين": "50GB minimum",
    "البرامج": [
      "Docker",
      "Docker Compose",
      "Nginx"
    ]
  },
  "خطوات_النشر": [
    "رفع الملفات للخادم",
    "تخصيص متغيرات البيئة",
    "تشغيل ./deployment/deploy.sh",
    "إعداد SSL (اختياري)"
  ]
}